window_num,mu,sigma
1,0.9616724113507445,0.20492127649668296
2,0.9606420767165817,0.19862084208741934
3,0.9651202444881106,0.20527384059156964
4,1.085055894940466,0.30084351044927526
5,1.2159471049093824,0.3455602935076736
6,1.3649152307595769,0.31921668430742933
7,1.3964276593047644,0.297629782784804
8,1.4171462770431718,0.3002203410674938
9,1.4216782996765107,0.2949154201297963
10,1.4013743412971693,0.3072735424392875
