window_num,mu,sigma
1,1.2857048743097443,0.3225518903174423
2,1.2836854107977047,0.32487816289272475
3,1.360223015469314,0.3886850687326407
4,1.4751535643462734,0.4354502945634278
5,1.5720165169031084,0.4547634902174114
6,1.572384514685509,0.45862751066317975
7,1.7687919283605127,0.4117787662647453
8,1.7448860106159187,0.41537587787902674
9,1.7715821996413808,0.41645261537471073
10,1.7672168276412177,0.4343394446605496
