window_num,mu,sigma
1,0.38461445755645973,0.7692707624665802
2,0.34711965672857464,0.7407643695674144
3,0.30346892063009634,0.7614033938358844
4,0.38030590905467637,0.7696292826673652
5,0.34456104199255844,0.7548266442771302
6,0.36493438057902133,0.7398895156312248
7,0.3214644612336072,0.7704309579434475
8,0.3122039604050873,0.759866865804966
9,0.33019140153552956,0.764663054911165
10,0.3248094317371354,0.7702918894821499
